<MonitorEntry name="F2FD_SAPFI01_DOC_EDWCDR01">
	<descend>0</descend>
	<userId/>
	<dir>/com/out/</dir>
	<destQueueName>CQ.COORDINATOR</destQueueName>
	<destQueueManager>${commonOQMQueue}</destQueueManager>
	<include>doc.*.csv</include>
	<exclude>$XMDM_EXCLUDE_DIR$</exclude>
	<notificationMessageTemplate format="xml">
		<Workflow>
			<process>$XMDM_PROCESS_NAME$</process>
			<processId>$XMDM_PROCESS_ID$</processId>
			<domain>$XMDM_DOMAIN_NAME$</domain>
			<description>Transferring $XMDM_SRC_QMGR_NAME$::$XMDM_ORIGINAL_PATH$</description>
			<userId>$XMDM_USER_ID$</userId>
			<import location="XML/RequestTemplate/F2F_SAPFI01_DOC_EDWCDR01.xml"/>
		</Workflow>
	</notificationMessageTemplate>
	<ExitList/>
	<WorkflowOptions>
		<processName>Sobeys_MIM_File_Transfer</processName>
		<domain/>
	</WorkflowOptions>
</MonitorEntry>