<?xml version="1.0" encoding="UTF-8"?>
<!--PM version='8.1.8.0' vendor='Metastorm, Inc'-->
<XMOFTSReq>
	<label>F2F_SAPBW02_ALEJANDRO_EDWCDR01</label>
	<template>True</template>
	<lqm>$XMDM_SRC_QMGR_NAME$</lqm>
	<sqm>SAPBW02</sqm>
	<dqm>EDWCDR01</dqm>
	<oqm>${commonOQMQueue}</oqm>
	<chmod>664</chmod>
	<id2>$XMDM_ORIGINAL_NAME$</id2>
	<spath>$XMDM_PATH$</spath>
	<dpath>/com/wmb/$XMDM_ORIGINAL_NAME$</dpath>
	<delsrc>True</delsrc>
	<compressionLevel>5</compressionLevel>
	<nothreshold>true</nothreshold>
	<ControlCenter>
		<doStatus>1</doStatus>
	</ControlCenter>
	<username>xmuser</username>
</XMOFTSReq>
